{
  "public/conecprsd.glb": {
    "position": {
      "x": -31.49257111338845,
      "y": -12.634286695851799,
      "z": 0.00008660904343386315
    },
    "rotation": {
      "_x": 2.3782021157001827,
      "_y": -1.1420177350449876,
      "_z": 2.3846366625936897,
      "_order": "XYZ"
    }
  },
  "public/gameboycprsd.glb": {
    "position": {
      "x": -33.897803787930236,
      "y": 9.399645898137994,
      "z": 0.13965470033386096
    },
    "rotation": {
      "_x": 2.1396214396712487,
      "_y": 1.0722146293615995,
      "_z": 1.1283755158599247,
      "_order": "XYZ"
    }
  },
  "public/glassescprsd.glb": {
    "position": {
      "x": -14.547859085919713,
      "y": 7.042279197499117,
      "z": 0.4745145162875622
    },
    "rotation": {
      "_x": -0.5444614219515872,
      "_y": 1.4582026493039661,
      "_z": -0.6014708633377392,
      "_order": "XYZ"
    }
  },
  "public/hatcprsd.glb": {
    "position": {
      "x": 29.60786851642976,
      "y": 11.50504700388683,
      "z": 0.2444738950633153
    },
    "rotation": {
      "_x": 2.9625619048756837,
      "_y": -1.317553731460388,
      "_z": 1.1548601612979605,
      "_order": "XYZ"
    }
  },
  "public/maccprsd.glb": {
    "position": {
      "x": 12.054618017129087,
      "y": 16.841606706057437,
      "z": 0.5133124123909338
    },
    "rotation": {
      "_x": 1.7841651943589154,
      "_y": -0.6067195889790672,
      "_z": -1.388072780995956,
      "_order": "XYZ"
    }
  },
  "public/malletcprsd.glb": {
    "position": {
      "x": -27.04140092925347,
      "y": -2.0914190167133766,
      "z": 0.07986204939554141
    },
    "rotation": {
      "_x": 1.6501714555758908,
      "_y": -0.724492783858943,
      "_z": 2.713853804349484,
      "_order": "XYZ"
    }
  },
  "public/paintbrushcprsd.glb": {
    "position": {
      "x": -21.56463389043255,
      "y": 16.667501750936996,
      "z": 0.8665776941176311
    },
    "rotation": {
      "_x": 1.7251279218632254,
      "_y": 1.0399949087826887,
      "_z": 1.3942713456542686,
      "_order": "XYZ"
    }
  },
  "public/pipecprsd.glb": {
    "position": {
      "x": 29.703208898417003,
      "y": -16.899829157488064,
      "z": -0.43797194754528473
    },
    "rotation": {
      "_x": -0.8900834396665366,
      "_y": -0.7768606999010749,
      "_z": -0.9427436327154375,
      "_order": "XYZ"
    }
  },
  "public/potcprsd.glb": {
    "position": {
      "x": 4.970082755786265,
      "y": 3.3064702551606358,
      "z": 0.18916162377998322
    },
    "rotation": {
      "_x": -0.6422553295909015,
      "_y": 1.238337982141387,
      "_z": -0.8617129729350241,
      "_order": "XYZ"
    }
  },
  "public/vasecprsd.glb": {
    "position": {
      "x": 25.81405362645026,
      "y": -3.8532119267668707,
      "z": -0.06313015155984515
    },
    "rotation": {
      "_x": 0.872104802634098,
      "_y": -0.9913988957238924,
      "_z": 0.7773003484843006,
      "_order": "XYZ"
    }
  },
  "public/vhscprsd.glb": {
    "position": {
      "x": 21.423144776014254,
      "y": 6.502102908646217,
      "z": 1.2217209018308812
    },
    "rotation": {
      "_x": -1.076766992055229,
      "_y": 0.38410369598320726,
      "_z": -1.8244598420383384,
      "_order": "XYZ"
    }
  }
}